"R_sq","slope","intercept","se","weight","compound"
0.999324167874941,9.86894133604188,0.000242734014667141,0.114776185126948,75.9095520156839,"480.225"
0.999926130487271,10.8749503781018,0.000794680317901264,0.041801410857446,572.292586179687,"627.3235"
0.997846627643756,10.1952046210161,5.59636588850496e-07,0.211806173484055,22.2906519846833,"684.35"
0.999960284359896,10.264043484945,1.67344736413813e-05,0.0289282984064761,1194.96235128974,"813.3879"
0.999978920967801,10.6176402288259,6.10503556682703e-06,0.021800824272272,2104.04086983285,"942.4291"
0.999943568512463,10.4098846093402,4.46614592934662e-05,0.0349730828604714,817.583590567388,"1056.47"
0.999905971961227,10.355027494894,0.000249320719316135,0.0449071363734108,495.87164608343,"1171.5"
0.999921766138323,10.4563621233181,-0.00011109053505294,0.0413628053219784,584.493960617535,"1285.54"
