"R_sq","slope","intercept","se","weight","compound"
0.996582670964577,1.25462676713933,0.000929469241519219,0.0328561202554097,926.333651478534,"480.225"
0.99928403031168,1.3524573064571,0.00557785157343308,0.0161897971350634,3815.19891755747,"627.3235"
0.9558559755414,1.34398962725606,7.46645909046016e-05,0.129166724586765,59.9375112828102,"684.35"
0.993744818156258,1.33277830254865,0.000281123088210277,0.0472884896129772,447.18694261313,"813.3879"
0.999139459998908,1.52850464200901,-7.30732706272705e-05,0.020061076569322,2484.80051796892,"942.4291"
0.999680285247572,1.66988794818317,-0.000506914223378693,0.0133552832256614,5606.5254113186,"1056.47"
0.998708938722446,1.45346167630072,0.000563032902564738,0.0233707442193898,1830.85906795887,"1171.5"
0.998998543820843,1.49733816874589,0.000955184251817672,0.0212015904436334,2224.65729581373,"1285.54"
