"R_sq","slope","intercept","se","weight","compound"
0.999790726096668,9.08098377121643,-2.32267750208506e-06,0.0587558187916653,289.666475081949,"480.225"
0.999960132685029,9.49469468860251,-0.000373085130042802,0.0268110086551153,1391.14914860509,"627.3235"
0.999133809184813,9.28095631884267,-3.96590409580828e-06,0.122208858085513,66.9567904640075,"684.35"
0.999760748630466,9.37122062538912,-2.26763265413598e-05,0.0648321367785335,237.913632995887,"813.3879"
0.999814892115214,9.39874218373547,-0.000105993368409243,0.0571922777230872,305.720959573521,"942.4291"
0.999908351884632,9.19926805090772,-1.21708859159176e-05,0.0393867315346044,644.614565270405,"1056.47"
0.999767933037442,9.32651804254317,-0.000424432997231131,0.0635464933447288,247.637733120183,"1171.5"
0.999902009257441,9.23931571554461,-9.50677884094104e-05,0.0409042664982673,597.671822812169,"1285.54"
