"R_sq","slope","intercept","se","weight","compound"
0.999798771184169,1.04862765401449,4.17276933710791e-05,0.00665311592678382,22591.7471286814,"480.225"
0.999757954322482,1.09749146071792,-0.00104809630011279,0.007636904842377,17146.0956273879,"627.3235"
0.998141163596638,1.05099241561218,1.58074721273146e-05,0.0202833264836808,2430.64557999613,"684.35"
0.999962091885926,1.06735059273498,-3.00039474516857e-06,0.00293897853813184,115772.968939138,"813.3879"
0.999750259781505,1.09123442943257,4.66492049959332e-05,0.00771314576035589,16808.8082467625,"942.4291"
0.999786306033357,1.11474507354489,-0.000215982620230233,0.00728841507763616,18824.9488239214,"1056.47"
0.999589771088363,1.12353236524041,-0.00100158567520569,0.0101789461336182,9651.49006098511,"1171.5"
0.999987375917865,1.09771781996386,-0.000871441574814335,0.00174424850464759,328687.570525427,"1285.54"
