"R_sq","slope","intercept","se","weight","compound"
0.996642341778194,1.04926055669484,0.00118515183275705,0.0272362255290271,1348.05048384396,"480.225"
0.999693752376096,1.20857035209055,0.00469446261582083,0.00945997108474681,11174.3014225847,"627.3235"
0.967445855283123,1.11885825373802,0.000126989961031231,0.0917867258975728,118.697136769477,"684.35"
0.999087676641908,1.19648944179137,0.000204337828766082,0.0161694953007498,3824.78538393052,"813.3879"
0.999666809138328,1.31421971601678,-0.000458151768120542,0.0107300533279931,8685.52829029773,"942.4291"
0.999226042792057,1.44136755230905,-0.00103117227985081,0.0179397481275934,3107.18647197699,"1056.47"
0.9998058173982,1.47297654626337,-0.00450531510180259,0.00918032714601802,11865.4355419746,"1171.5"
0.999050708546448,1.61253639257372,-0.0118638557324118,0.0222295433874197,2023.66637672709,"1285.54"
