"R_sq","slope","intercept","se","weight","compound"
0.999697399430269,1.07366511796232,-0.00022925430639922,0.00835380687607958,14329.5033394684,"480.225"
0.998385425264394,0.940155338685092,0.00250889517041862,0.0169080909162267,3497.92788170628,"627.3235"
0.966373090011355,1.027441054228,-2.2613090906227e-05,0.0857122665731099,136.117523980517,"684.35"
0.994428883836887,0.964041706065555,7.60979461301984e-05,0.0322697099881878,960.306515038513,"813.3879"
0.998106608120309,0.970584565147917,0.000139057117579907,0.018905151764221,2797.94816098023,"942.4291"
0.997177459894241,0.977079534484367,5.16291584568082e-05,0.0232476334202664,1850.30150600184,"1056.47"
0.999162349861935,1.01705201478499,-0.000256525020502165,0.0131695660314756,5765.76678112595,"1171.5"
0.999340803980718,1.00222820023222,-0.000923492706796376,0.0115115046757585,7546.33032336296,"1285.54"
