"R_sq","slope","intercept","se","weight","compound"
0.999848496168066,14.4379376076998,7.37182297705909e-05,0.079481282899324,158.296117526793,"480.225"
0.999814351024681,15.2887583146363,0.000158541934467091,0.0931695093379454,115.199974589707,"627.3235"
0.995972244911308,15.2408517645896,3.4976369031336e-06,0.433443152536494,5.32274556968969,"684.35"
0.999328937164382,15.6134094655703,-1.26990791804805e-05,0.180942301218659,30.5435688954062,"813.3879"
0.999915787752857,15.4389314157707,6.82557089141092e-06,0.0633633530612428,249.071305807245,"942.4291"
0.999346657803631,15.2968520031766,-1.1501960099163e-05,0.174915918388566,32.6844612470131,"1056.47"
0.999594647743347,16.6148179518802,-0.000358737284336304,0.149628706453088,44.6652898962302,"1171.5"
0.999380060400571,16.6324546845928,-0.000386658252765528,0.185259588817238,29.1365823270251,"1285.54"
