"R_sq","slope","intercept","se","weight","compound"
0.999733266125894,1.00030420932296,-0.000178027348394801,0.00730708415033877,18728.8789351576,"480.225"
0.999521729341845,0.973792838873813,0.00060620726707615,0.00952625764585417,11019.334170156,"627.3235"
0.998333023114669,0.944644169434046,4.61773464094131e-05,0.0172627633345508,3355.67093920822,"684.35"
0.999821899981083,0.946312712876153,4.29998070970638e-05,0.00564833351592431,31344.3548269051,"813.3879"
0.99982872534521,0.980184453636648,-9.54722032884406e-05,0.0057372867078488,30379.9387123131,"942.4291"
0.999562819986503,0.974128128825834,-0.000150097624726392,0.00911079311159864,12047.2418921006,"1056.47"
0.999947224872228,1.00108103437373,-0.000658571137506037,0.00325244782550081,94532.1037600335,"1171.5"
0.999438676834228,1.05561366307387,-0.0017043385291106,0.011187895663188,7989.19800540204,"1285.54"
