"R_sq","slope","intercept","se","weight","compound"
0.999902416053044,10.9232202829073,-1.83710552427353e-05,0.0482587502499177,429.385978246869,"480.225"
0.999958438902004,11.2484437265244,9.17665924283786e-05,0.0324309722923413,950.780052628466,"627.3235"
0.998572817666307,10.5476048776288,1.0199327653439e-05,0.178327660011699,31.4457949573244,"684.35"
0.999854362415391,10.5787349739904,4.30342575232176e-05,0.0570975003350383,306.736747736855,"813.3879"
0.999881026841175,10.9552607704058,0.000153909169067971,0.0534426580116422,350.125627395648,"942.4291"
0.999965774298148,10.4980197420501,0.000157474715431006,0.02746666916739,1325.52525585244,"1056.47"
0.999799843734035,11.5337086093687,-0.000767565433182539,0.0729813740674031,187.748263256496,"1171.5"
0.999933646595863,12.582851312834,-0.00493527112960698,0.045839521516115,475.904540770806,"1285.54"
